Date,sgd_inr,usd_inr,xau_inr
27-05-2025,66.154,85.33,"281,630"
26-05-2025,66.268,85.088,"284,442"
23-05-2025,66.34,85.2,"286,051"
22-05-2025,66.521,85.995,"283,442"
21-05-2025,66.378,85.6,"283,775"
20-05-2025,66.057,85.54,"281,427"
19-05-2025,65.951,85.39,"275,772"
16-05-2025,65.777,85.5,"273,837"
15-05-2025,65.941,85.546,"277,211"
14-05-2025,65.616,85.395,"271,332"
13-05-2025,65.543,85.275,"277,163"
12-05-2025,64.986,84.885,"274,594"
09-05-2025,65.795,85.409,"283,932"
08-05-2025,65.762,85.536,"282,772"
07-05-2025,65.438,84.721,"285,062"
06-05-2025,65.464,84.305,"289,284"
05-05-2025,65.35,84.295,"281,072"
02-05-2025,65.141,84.527,"273,762"
01-05-2025,64.504,84.59,"274,156"
30-04-2025,64.745,84.599,"278,203"
29-04-2025,65.073,85.155,"282,479"
28-04-2025,65.082,85.163,"284,783"
25-04-2025,64.902,85.385,"283,444"
24-04-2025,65.072,85.326,"285,728"
23-04-2025,64.866,85.35,"280,647"
22-04-2025,64.953,85.18,"287,986"
21-04-2025,65.249,85.17,"291,496"
18-04-2025,65.133,85.429,"284,268"
17-04-2025,65.116,85.38,"284,095"
16-04-2025,65.254,85.587,"286,206"
15-04-2025,64.954,85.681,"276,886"
14-04-2025,65.356,86.021,"276,127"
11-04-2025,65.315,86.19,"278,929"
10-04-2025,64.707,86.19,"273,682"
09-04-2025,64.732,86.65,"267,099"
08-04-2025,63.702,86.24,"257,199"
07-04-2025,63.459,85.854,"256,121"
04-04-2025,63.504,85.502,"259,700"
03-04-2025,63.908,85.247,"265,598"
02-04-2025,63.404,85.45,"267,695"
01-04-2025,63.644,85.57,"266,436"
31-03-2025,63.631,85.45,"266,903"
28-03-2025,63.708,85.534,"263,859"
27-03-2025,63.92,85.64,"261,759"
26-03-2025,63.828,85.625,"258,523"
25-03-2025,64.04,85.583,"258,349"
24-03-2025,63.918,85.56,"257,572"
21-03-2025,64.335,85.99,"260,000"
20-03-2025,64.606,86.32,"262,819"
19-03-2025,64.851,86.31,"263,016"
18-03-2025,65.016,86.51,"262,496"
17-03-2025,65.166,86.69,"260,072"
14-03-2025,65.154,86.941,"259,470"
13-03-2025,65.043,86.897,"259,688"
12-03-2025,65.354,87.15,"255,654"
11-03-2025,65.521,87.176,"254,126"
10-03-2025,65.4,87.29,"252,056"
07-03-2025,65.41,87.1,"253,590"
06-03-2025,65.24,87.011,"253,376"
05-03-2025,65.23,86.88,"253,538"
04-03-2025,65.203,87.255,"254,505"
03-03-2025,64.757,87.26,"252,339"
28-02-2025,64.713,87.466,"250,017"
27-02-2025,64.756,87.33,"251,182"
26-02-2025,65.039,87.113,"254,036"
25-02-2025,65.178,87.13,"253,858"
24-02-2025,64.701,86.66,"255,887"
21-02-2025,64.756,86.572,"254,178"
20-02-2025,64.908,86.561,"254,396"
19-02-2025,64.689,86.89,"254,853"
18-02-2025,64.696,86.867,"254,942"
17-02-2025,64.681,86.809,"251,543"
14-02-2025,64.647,86.62,"249,748"
13-02-2025,64.521,86.69,"253,798"
12-02-2025,64.194,86.9,"252,343"
11-02-2025,64.131,86.789,"251,449"
10-02-2025,64.534,87.469,"254,356"
07-02-2025,64.65,87.627,"250,705"
06-02-2025,64.845,87.58,"250,127"
05-02-2025,64.746,87.336,"250,353"
04-02-2025,64.387,87.07,"247,490"
03-02-2025,63.965,86.96,"244,754"
31-01-2025,63.662,86.536,"242,387"
30-01-2025,63.942,86.545,"241,863"
29-01-2025,64.17,86.63,"239,042"
28-01-2025,64.084,86.584,"239,239"
27-01-2025,64.191,86.35,"236,500"
24-01-2025,64.032,86.2,"238,882"
23-01-2025,63.739,86.43,"238,040"
22-01-2025,63.772,86.45,"238,331"
21-01-2025,63.906,86.452,"237,336"
20-01-2025,63.529,86.209,"233,476"
17-01-2025,63.195,86.571,"233,876"
16-01-2025,63.356,86.57,"234,983"
15-01-2025,63.18,86.38,"232,937"
14-01-2025,63.305,86.525,"231,641"
13-01-2025,63.254,86.646,"230,606"
10-01-2025,62.821,86.165,"231,766"
09-01-2025,62.721,85.89,"229,247"
08-01-2025,62.805,85.917,"228,669"
07-01-2025,62.892,85.803,"227,272"
06-01-2025,62.853,85.7,"225,933"
03-01-2025,62.572,85.761,"226,334"
02-01-2025,62.539,85.76,"227,911"
01-01-2025,62.679,85.645,"224,716"
31-12-2024,62.64,85.554,"224,478"
30-12-2024,62.839,85.474,"222,782"
27-12-2024,62.822,85.388,"223,717"
26-12-2024,62.728,85.254,"224,435"
25-12-2024,62.692,85.198,"222,639"
24-12-2024,62.648,85.176,"222,582"
23-12-2024,62.68,85.095,"222,267"
20-12-2024,62.641,84.947,"222,628"
19-12-2024,62.5,85.088,"220,694"
18-12-2024,62.256,84.867,"219,383"
17-12-2024,62.881,84.902,"224,662"
16-12-2024,62.886,84.89,"225,142"
13-12-2024,62.843,84.782,"224,559"
12-12-2024,62.973,84.825,"227,350"
11-12-2024,63.049,84.795,"230,324"
10-12-2024,63.254,84.88,"228,516"
09-12-2024,63.272,84.829,"225,579"
06-12-2024,63.044,84.668,"222,923"
05-12-2024,63.225,84.684,"222,793"
04-12-2024,63.016,84.693,"224,403"
03-12-2024,62.961,84.676,"223,808"
02-12-2024,62.957,84.74,"223,525"
29-11-2024,63.118,84.559,"224,381"
28-11-2024,62.845,84.445,"223,016"
27-11-2024,62.969,84.41,"222,655"
26-11-2024,62.607,84.319,"222,020"
25-11-2024,62.596,84.26,"220,968"
22-11-2024,62.686,84.426,"229,013"
21-11-2024,62.738,84.495,"225,327"
20-11-2024,62.796,84.36,"223,590"
19-11-2024,63.048,84.39,"222,106"
18-11-2024,63.031,84.398,"220,378"
15-11-2024,62.867,84.424,"216,228"
14-11-2024,62.722,84.461,"216,549"
13-11-2024,62.861,84.416,"217,160"
12-11-2024,63.041,84.38,"219,219"
11-11-2024,63.238,84.379,"220,876"
08-11-2024,63.608,84.395,"226,497"
07-11-2024,63.849,84.293,"228,052"
06-11-2024,63.215,84.31,"224,146"
05-11-2024,63.976,84.109,"230,775"
04-11-2024,63.74,84.13,"230,127"
01-11-2024,63.38,84.08,"230,042"
31-10-2024,63.673,84.061,"230,649"
30-10-2024,63.577,84.08,"234,349"
29-10-2024,63.453,84.05,"233,193"
28-10-2024,63.537,84.06,"230,496"
25-10-2024,63.617,84.095,"231,067"
24-10-2024,63.761,84.05,"229,872"
23-10-2024,63.525,84.056,"228,152"
22-10-2024,63.854,84.07,"231,073"
21-10-2024,63.864,84.07,"228,583"
18-10-2024,64.147,84.065,"228,756"
17-10-2024,63.924,84.035,"226,275"
16-10-2024,63.984,84.03,"224,495"
15-10-2024,64.177,84.04,"223,664"
14-10-2024,64.23,84.045,"222,594"
11-10-2024,64.445,84.101,"223,371"
10-10-2024,64.287,83.94,"220,620"
09-10-2024,64.216,83.95,"218,918"
08-10-2024,64.375,83.945,"220,062"
07-10-2024,64.387,83.98,"221,887"
04-10-2024,64.39,84.023,"222,933"
03-10-2024,64.717,83.99,"223,030"
02-10-2024,64.949,83.92,"223,032"
01-10-2024,65.13,83.9,"223,361"
30-09-2024,65.164,83.755,"220,641"
27-09-2024,65.312,83.71,"222,498"
26-09-2024,65.145,83.601,"223,395"
25-09-2024,64.786,83.6,"222,117"
24-09-2024,65.114,83.6,"222,098"
23-09-2024,64.707,83.53,"219,459"
20-09-2024,64.637,83.485,"218,894"
19-09-2024,64.706,83.62,"216,270"
18-09-2024,64.575,83.65,"214,035"
17-09-2024,64.57,83.747,"215,164"
16-09-2024,64.726,83.84,"216,408"
13-09-2024,64.622,83.88,"216,215"
12-09-2024,64.484,83.92,"214,710"
11-09-2024,64.377,83.96,"210,878"
10-09-2024,64.339,83.949,"211,172"
09-09-2024,64.273,83.928,"210,238"
06-09-2024,64.47,83.985,"209,713"
05-09-2024,64.58,83.961,"211,290"
04-09-2024,64.377,83.96,"209,483"
03-09-2024,64.221,83.95,"209,186"
02-09-2024,64.163,83.88,"209,640"
30-08-2024,64.177,83.867,"209,922"
29-08-2024,64.355,83.88,"211,478"
28-08-2024,64.36,83.9,"210,114"
27-08-2024,64.472,83.91,"211,734"
26-08-2024,64.28,83.84,"211,099"
23-08-2024,64.409,83.809,"210,540"
22-08-2024,64.01,83.93,"208,443"
21-08-2024,64.229,83.87,"210,593"
20-08-2024,64.166,83.75,"210,444"
19-08-2024,64.081,83.85,"209,977"
16-08-2024,63.743,83.88,"210,337"
15-08-2024,63.456,83.94,"206,225"
14-08-2024,63.761,83.96,"205,484"
13-08-2024,63.66,83.91,"206,821"
12-08-2024,63.343,83.93,"207,289"
09-08-2024,63.35,83.945,"204,064"
08-08-2024,63.35,83.99,"203,865"
07-08-2024,63.176,83.885,"199,888"
06-08-2024,63.31,83.93,"200,626"
05-08-2024,63.4,84.018,"202,554"
02-08-2024,63.15,83.794,"204,737"
01-08-2024,62.62,83.71,"204,653"
31-07-2024,62.635,83.699,"204,775"
30-07-2024,62.366,83.72,"201,621"
29-07-2024,62.336,83.748,"199,649"
26-07-2024,62.335,83.703,"199,783"
25-07-2024,62.319,83.72,"197,926"
24-07-2024,62.303,83.71,"200,624"
23-07-2024,62.166,83.676,"201,523"
22-07-2024,62.148,83.651,"200,461"
19-07-2024,62.207,83.724,"201,004"
18-07-2024,62.178,83.58,"204,371"
17-07-2024,62.313,83.58,"205,408"
16-07-2024,62.127,83.524,"206,198"
15-07-2024,62.175,83.551,"202,371"
12-07-2024,62.272,83.513,"201,363"
11-07-2024,62.18,83.507,"201,667"
10-07-2024,61.91,83.51,"198,003"
09-07-2024,61.78,83.465,"197,299"
08-07-2024,61.852,83.5,"196,951"
05-07-2024,61.907,83.5,"199,688"
04-07-2024,61.728,83.475,"196,677"
03-07-2024,61.679,83.52,"196,755"
02-07-2024,61.569,83.5,"194,497"
01-07-2024,61.433,83.438,"194,534"
28-06-2024,61.449,83.355,"193,935"
27-06-2024,61.406,83.438,"194,213"
26-06-2024,61.5,83.56,"191,892"
25-06-2024,61.557,83.403,"193,423"
24-06-2024,61.682,83.45,"194,679"
21-06-2024,61.644,83.558,"193,994"
20-06-2024,61.735,83.62,"197,342"
19-06-2024,61.781,83.46,"194,154"
18-06-2024,61.68,83.33,"194,075"
17-06-2024,61.751,83.5,"193,529"
14-06-2024,61.736,83.547,"194,875"
13-06-2024,61.831,83.54,"192,431"
12-06-2024,61.924,83.43,"193,796"
11-06-2024,61.779,83.6,"193,684"
10-06-2024,61.724,83.5,"192,877"
07-06-2024,61.776,83.521,"191,494"
06-06-2024,62.019,83.466,"198,303"
05-06-2024,61.802,83.37,"196,231"
04-06-2024,62.007,83.524,"194,264"
03-06-2024,61.721,83.083,"195,213"
31-05-2024,61.727,83.424,"194,119"
30-05-2024,61.68,83.28,"195,277"
29-05-2024,61.628,83.34,"194,807"
28-05-2024,61.655,83.16,"196,374"
27-05-2024,61.562,83.102,"195,351"
24-05-2024,61.508,83.06,"193,832"
23-05-2024,61.573,83.24,"193,853"
22-05-2024,61.608,83.22,"197,916"
21-05-2024,61.776,83.25,"201,543"
20-05-2024,61.79,83.28,"202,041"
17-05-2024,61.877,83.28,"201,112"
16-05-2024,61.985,83.45,"198,279"
15-05-2024,62.007,83.411,"198,997"
14-05-2024,61.743,83.482,"196,772"
13-05-2024,61.658,83.46,"194,960"
10-05-2024,61.672,83.541,"197,169"
09-05-2024,61.676,83.441,"195,775"
08-05-2024,61.555,83.462,"192,614"
07-05-2024,61.615,83.458,"193,132"
06-05-2024,61.773,83.48,"193,976"
03-05-2024,61.774,83.376,"191,976"
02-05-2024,61.567,83.435,"192,126"
01-05-2024,61.342,83.455,"193,545"
30-04-2024,61.113,83.45,"190,744"
29-04-2024,61.349,83.41,"194,788"
26-04-2024,61.192,83.4,"194,934"
25-04-2024,61.298,83.31,"194,245"
24-04-2024,61.161,83.319,"192,933"
23-04-2024,61.155,83.269,"193,333"
22-04-2024,61.2,83.36,"193,945"
19-04-2024,61.207,83.358,"199,341"
18-04-2024,61.32,83.53,"198,703"
17-04-2024,61.457,83.65,"197,346"
16-04-2024,61.264,83.637,"199,256"
15-04-2024,61.246,83.484,"198,858"
12-04-2024,61.359,83.54,"195,750"
11-04-2024,61.557,83.324,"197,643"
10-04-2024,61.596,83.389,"194,560"
09-04-2024,61.836,83.182,"195,692"
08-04-2024,61.787,83.27,"194,747"
05-04-2024,61.749,83.293,"194,024"
04-04-2024,61.788,83.34,"190,854"
03-04-2024,61.932,83.504,"191,971"
02-04-2024,61.651,83.322,"189,973"
01-04-2024,61.639,83.36,"187,693"
29-03-2024,61.754,83.35,"186,069"
28-03-2024,61.719,83.352,"186,174"
27-03-2024,61.805,83.294,"182,768"
26-03-2024,61.898,83.309,"181,483"
25-03-2024,61.947,83.405,"181,117"
22-03-2024,61.968,83.582,"180,954"
21-03-2024,61.885,83.174,"181,391"
20-03-2024,62.083,83.173,"181,799"
19-03-2024,61.839,83.007,"179,056"
18-03-2024,61.898,82.9,"179,059"
15-03-2024,61.945,82.883,"178,658"
14-03-2024,62.053,82.915,"179,249"
13-03-2024,62.149,82.82,"179,988"
12-03-2024,62.119,82.786,"178,662"
11-03-2024,62.177,82.72,"180,530"
08-03-2024,62.133,82.739,"180,145"
07-03-2024,62.012,82.708,"178,538"
06-03-2024,61.827,82.78,"177,805"
05-03-2024,61.721,82.891,"176,341"
04-03-2024,61.705,82.911,"175,248"
01-03-2024,61.61,82.841,"172,590"
29-02-2024,61.585,82.9,"169,428"
28-02-2024,61.572,82.9,"168,625"
27-02-2024,61.651,82.877,"168,244"
26-02-2024,61.614,82.846,"168,243"
23-02-2024,61.679,82.859,"168,678"
22-02-2024,61.671,82.837,"167,663"
21-02-2024,61.695,82.93,"167,997"
20-02-2024,61.688,82.89,"167,771"
19-02-2024,61.679,83.026,"167,408"
16-02-2024,61.66,83.013,"167,114"
15-02-2024,61.669,82.988,"166,270"
14-02-2024,61.575,83.034,"165,395"
13-02-2024,61.492,83.098,"165,596"
12-02-2024,61.688,82.97,"167,576"
09-02-2024,61.646,83.0,"168,005"
08-02-2024,61.588,82.978,"168,775"
07-02-2024,61.757,82.977,"168,845"
06-02-2024,61.797,83.062,"169,092"
05-02-2024,61.631,83.036,"168,116"
02-02-2024,61.824,82.999,"169,201"
01-02-2024,62.054,82.947,"170,405"
31-01-2024,61.993,83.095,"169,443"
30-01-2024,62.058,83.12,"169,280"
29-01-2024,62.022,83.134,"168,957"
26-01-2024,61.952,83.115,"167,754"
25-01-2024,62.029,83.144,"167,919"
24-01-2024,62.047,83.13,"167,396"
23-01-2024,61.987,83.15,"168,701"
22-01-2024,61.923,83.1,"167,961"
19-01-2024,61.968,83.086,"168,609"
18-01-2024,61.865,83.165,"168,222"
17-01-2024,61.855,83.182,"166,850"
16-01-2024,61.874,83.084,"168,486"
15-01-2024,62.094,82.827,"170,167"
12-01-2024,62.196,82.857,"169,751"
11-01-2024,62.406,83.063,"168,566"
10-01-2024,62.339,83.023,"168,029"
09-01-2024,62.432,83.109,"168,694"
08-01-2024,62.502,83.045,"168,334"
05-01-2024,62.479,83.103,"169,987"
04-01-2024,62.603,83.243,"170,048"
03-01-2024,62.67,83.282,"169,978"
02-01-2024,62.769,83.27,"171,402"
01-01-2024,63.044,83.238,"171,685"
29-12-2023,63.023,83.19,"171,587"
28-12-2023,62.983,83.169,"171,760"
27-12-2023,63.072,83.263,"172,972"
26-12-2023,62.818,83.158,"171,871"
25-12-2023,62.765,83.164,"170,734"
22-12-2023,62.809,83.166,"170,738"
21-12-2023,62.727,83.214,"170,219"
20-12-2023,62.379,83.139,"168,788"
19-12-2023,62.547,83.106,"169,530"
18-12-2023,62.392,83.144,"168,397"
15-12-2023,62.309,83.02,"167,550"
14-12-2023,62.736,83.307,"169,612"
13-12-2023,62.519,83.35,"168,980"
12-12-2023,62.166,83.396,"165,062"
11-12-2023,62.026,83.35,"165,160"
08-12-2023,62.142,83.425,"167,133"
07-12-2023,62.224,83.343,"169,041"
06-12-2023,62.082,83.332,"168,755"
05-12-2023,62.119,83.32,"168,222"
04-12-2023,62.347,83.426,"169,254"
01-12-2023,62.414,83.26,"172,423"
30-11-2023,62.318,83.357,"169,740"
29-11-2023,62.516,83.352,"170,354"
28-11-2023,62.6,83.34,"170,046"
27-11-2023,62.331,83.33,"167,907"
24-11-2023,62.194,83.34,"166,844"
23-11-2023,62.117,83.305,"165,926"
22-11-2023,62.066,83.287,"165,731"
21-11-2023,62.231,83.308,"166,432"
20-11-2023,62.256,83.317,"164,761"
17-11-2023,61.951,83.244,"164,824"
16-11-2023,61.704,83.152,"164,719"
15-11-2023,61.58,83.188,"162,977"
14-11-2023,61.498,82.973,"162,861"
13-11-2023,61.198,83.18,"161,853"
10-11-2023,61.23,83.309,"161,352"
09-11-2023,61.234,83.315,"163,147"
08-11-2023,61.335,83.213,"162,246"
07-11-2023,61.447,83.23,"163,862"
06-11-2023,61.579,83.218,"164,554"
03-11-2023,61.362,83.14,"165,639"
02-11-2023,60.982,83.234,"165,252"
01-11-2023,60.832,83.237,"164,975"
31-10-2023,60.78,83.256,"165,121"
30-10-2023,61.007,83.25,"166,136"
27-10-2023,60.747,83.265,"167,029"
26-10-2023,60.766,83.243,"165,171"
25-10-2023,60.615,83.14,"164,566"
24-10-2023,60.653,83.01,"163,585"
23-10-2023,60.773,83.071,"163,857"
20-10-2023,60.583,83.15,"164,686"
19-10-2023,60.527,83.097,"164,016"
18-10-2023,60.641,83.29,"162,062"
17-10-2023,60.83,83.24,"160,034"
16-10-2023,60.825,83.19,"159,674"
13-10-2023,60.814,83.255,"160,881"
12-10-2023,60.787,83.29,"155,637"
11-10-2023,60.99,83.16,"155,845"
10-10-2023,61.001,83.162,"154,682"
09-10-2023,60.97,83.254,"154,918"
06-10-2023,60.874,83.118,"152,297"
05-10-2023,60.85,83.2,"151,418"
04-10-2023,60.665,83.25,"151,607"
03-10-2023,60.59,83.214,"151,668"
02-10-2023,60.57,83.174,"152,012"
29-09-2023,60.779,83.03,"153,465"
28-09-2023,60.858,83.15,"155,025"
27-09-2023,60.592,83.181,"155,937"
26-09-2023,60.792,83.23,"158,153"
25-09-2023,60.816,83.13,"159,161"
22-09-2023,60.766,82.97,"159,716"
21-09-2023,60.805,83.102,"159,447"
20-09-2023,60.725,82.92,"160,012"
19-09-2023,61.037,83.31,"160,845"
18-09-2023,61.066,83.27,"161,001"
15-09-2023,60.928,83.069,"159,836"
14-09-2023,60.876,83.01,"158,581"
13-09-2023,60.922,82.934,"158,045"
12-09-2023,60.883,82.85,"158,512"
11-09-2023,60.916,82.9,"159,304"
08-09-2023,60.8,83.004,"159,263"
07-09-2023,60.871,83.15,"159,557"
06-09-2023,61.008,83.197,"159,421"
05-09-2023,60.986,83.033,"159,897"
04-09-2023,61.04,82.715,"160,317"
01-09-2023,61.043,82.689,"160,349"
31-08-2023,61.197,82.702,"160,412"
30-08-2023,61.19,82.607,"160,418"
29-08-2023,61.175,82.574,"159,962"
28-08-2023,60.905,82.6,"158,518"
25-08-2023,60.942,82.637,"158,217"
24-08-2023,60.859,82.58,"158,251"
23-08-2023,60.982,82.508,"157,884"
22-08-2023,61.149,83.04,"157,524"
21-08-2023,61.19,83.09,"157,366"
18-08-2023,61.254,83.14,"157,034"
17-08-2023,61.192,83.13,"156,901"
16-08-2023,61.179,83.209,"157,374"
15-08-2023,61.248,83.212,"158,228"
14-08-2023,61.33,83.17,"158,584"
11-08-2023,61.276,82.87,"158,557"
10-08-2023,61.202,82.616,"157,969"
09-08-2023,61.516,82.844,"158,553"
08-08-2023,61.477,82.853,"159,491"
07-08-2023,61.675,82.75,"160,158"
04-08-2023,61.697,82.668,"160,582"
03-08-2023,61.703,82.75,"159,941"
02-08-2023,61.656,82.73,"159,999"
01-08-2023,61.59,82.34,"160,046"
31-07-2023,61.849,82.24,"161,568"
28-07-2023,61.754,82.225,"161,095"
27-07-2023,61.693,82.15,"159,748"
26-07-2023,61.821,81.95,"161,583"
25-07-2023,61.653,81.85,"160,798"
24-07-2023,61.413,81.79,"159,772"
21-07-2023,61.584,81.98,"160,769"
20-07-2023,61.809,82.07,"161,648"
19-07-2023,61.915,82.05,"162,143"
18-07-2023,62.026,82.06,"162,321"
17-07-2023,62.057,82.04,"160,453"
14-07-2023,62.083,82.049,"160,400"
13-07-2023,62.048,82.04,"160,810"
12-07-2023,61.625,81.98,"160,405"
11-07-2023,61.425,82.39,"159,155"
10-07-2023,61.353,82.52,"158,847"
07-07-2023,61.324,82.61,"159,051"
06-07-2023,61.13,82.758,"158,117"
05-07-2023,60.868,82.397,"157,774"
04-07-2023,60.719,81.946,"157,753"
03-07-2023,60.624,81.94,"157,433"
30-06-2023,60.696,82.091,"157,581"
29-06-2023,60.523,82.1,"156,621"
28-06-2023,60.616,82.02,"156,406"
27-06-2023,60.755,81.983,"156,834"
26-06-2023,60.562,81.97,"157,505"
23-06-2023,60.627,81.98,"157,434"
22-06-2023,60.92,81.95,"156,688"
21-06-2023,61.114,81.93,"158,321"
20-06-2023,61.035,82.0,"158,751"
19-06-2023,61.077,81.91,"159,734"
16-06-2023,61.223,81.91,"160,297"
15-06-2023,61.275,81.9,"160,310"
14-06-2023,61.084,81.95,"159,156"
13-06-2023,61.255,82.229,"159,786"
12-06-2023,61.316,82.39,"161,263"
09-06-2023,61.348,82.44,"161,631"
08-06-2023,61.434,82.488,"162,317"
07-06-2023,61.161,82.5,"160,008"
06-06-2023,61.177,82.51,"161,966"
05-06-2023,61.153,82.52,"161,858"
02-06-2023,61.008,82.398,"160,478"
01-06-2023,61.042,82.266,"162,665"
31-05-2023,61.163,82.68,"162,177"
30-05-2023,61.206,82.665,"161,943"
29-05-2023,61.003,82.586,"160,451"
26-05-2023,61.05,82.57,"160,703"
25-05-2023,61.071,82.733,"160,585"
24-05-2023,61.242,82.67,"161,761"
23-05-2023,61.469,82.83,"163,555"
22-05-2023,61.509,82.84,"163,322"
19-05-2023,61.619,82.878,"163,882"
18-05-2023,61.37,82.72,"161,872"
17-05-2023,61.396,82.4,"163,267"
16-05-2023,61.368,82.264,"163,603"
15-05-2023,61.545,82.237,"165,803"
12-05-2023,61.378,82.173,"165,214"
11-05-2023,61.643,82.09,"165,407"
10-05-2023,61.802,81.9,"166,256"
09-05-2023,61.832,82.1,"167,017"
08-05-2023,61.727,81.77,"165,395"
05-05-2023,61.651,81.7,"164,866"
04-05-2023,61.519,81.71,"167,529"
03-05-2023,61.451,81.755,"166,523"
02-05-2023,61.241,81.75,"164,797"
01-05-2023,61.182,81.77,"162,158"
28-04-2023,61.209,81.72,"162,574"
27-04-2023,61.181,81.695,"162,375"
26-04-2023,61.187,81.74,"162,693"
25-04-2023,61.223,81.965,"163,556"
24-04-2023,61.446,81.95,"163,050"
21-04-2023,61.455,82.03,"162,657"
20-04-2023,61.629,82.12,"164,436"
19-04-2023,61.631,82.265,"164,038"
18-04-2023,61.585,82.08,"164,600"
17-04-2023,61.422,81.98,"163,373"
14-04-2023,61.51,81.82,"163,942"
13-04-2023,61.753,81.65,"166,573"
12-04-2023,61.666,81.93,"165,070"
11-04-2023,61.559,82.04,"164,519"
10-04-2023,61.494,81.965,"163,348"
07-04-2023,61.443,81.86,"164,376"
06-04-2023,61.486,81.82,"164,281"
05-04-2023,61.682,81.92,"165,637"
04-04-2023,61.899,82.09,"165,829"
03-04-2023,61.923,82.19,"163,097"
31-03-2023,61.723,82.16,"161,748"
30-03-2023,61.821,82.08,"162,539"
29-03-2023,61.802,82.178,"161,377"
28-03-2023,61.895,82.172,"162,133"
27-03-2023,61.72,82.18,"160,899"
24-03-2023,61.789,82.334,"162,839"
23-03-2023,61.995,82.236,"163,823"
22-03-2023,61.978,82.505,"162,429"
21-03-2023,61.879,82.677,"160,393"
20-03-2023,61.708,82.51,"163,171"
17-03-2023,61.55,82.52,"164,039"
16-03-2023,61.323,82.62,"158,613"
15-03-2023,61.288,82.88,"158,867"
14-03-2023,61.144,82.245,"156,588"
13-03-2023,61.073,82.235,"157,371"
10-03-2023,60.738,81.96,"153,103"
09-03-2023,60.589,82.02,"150,175"
08-03-2023,60.524,81.95,"148,638"
07-03-2023,60.53,82.0,"148,663"
06-03-2023,60.816,81.81,"151,106"
03-03-2023,60.738,81.68,"151,516"
02-03-2023,61.1,82.35,"151,116"
01-03-2023,61.382,82.43,"151,282"
28-02-2023,61.278,82.64,"150,965"
27-02-2023,61.344,82.642,"150,037"
24-02-2023,61.396,82.897,"150,125"
23-02-2023,61.497,82.59,"150,375"
22-02-2023,61.777,82.83,"151,330"
21-02-2023,61.787,82.844,"152,003"
20-02-2023,61.896,82.693,"152,249"
17-02-2023,61.902,82.75,"152,355"
16-02-2023,61.895,82.71,"151,759"
15-02-2023,61.939,82.75,"151,810"
14-02-2023,62.413,82.91,"153,680"
13-02-2023,62.141,82.592,"153,060"
10-02-2023,62.014,82.51,"153,839"
09-02-2023,62.23,82.511,"153,537"
08-02-2023,62.312,82.65,"154,989"
07-02-2023,62.564,82.86,"155,164"
06-02-2023,62.295,82.74,"154,571"
03-02-2023,62.094,82.206,"153,357"
02-02-2023,62.625,82.039,"156,885"
01-02-2023,62.552,81.73,"159,323"
31-01-2023,62.202,81.739,"157,527"
30-01-2023,62.002,81.52,"156,721"
27-01-2023,62.074,81.51,"157,097"
26-01-2023,62.052,81.418,"157,033"
25-01-2023,62.041,81.491,"158,558"
24-01-2023,61.814,81.594,"157,982"
23-01-2023,61.801,81.478,"157,267"
20-01-2023,61.369,80.979,"156,030"
19-01-2023,61.448,81.24,"156,939"
18-01-2023,61.655,81.44,"155,076"
17-01-2023,61.827,81.63,"155,769"
16-01-2023,61.769,81.628,"156,566"
13-01-2023,61.594,81.28,"156,075"
12-01-2023,61.323,81.1,"153,629"
11-01-2023,61.34,81.637,"153,014"
10-01-2023,61.277,81.602,"152,903"
09-01-2023,61.759,82.17,"153,807"
06-01-2023,61.612,82.27,"153,490"
05-01-2023,61.357,82.568,"151,349"
04-01-2023,61.631,82.641,"153,307"
03-01-2023,61.515,82.774,"152,313"
02-01-2023,61.667,82.745,"150,901"
30-12-2022,61.715,82.717,"150,909"
29-12-2022,61.58,82.758,"150,153"
28-12-2022,61.29,82.736,"149,252"
27-12-2022,61.469,82.83,"150,132"
26-12-2022,61.313,82.65,"148,573"
23-12-2022,61.187,82.78,"148,833"
22-12-2022,61.266,82.96,"148,440"
21-12-2022,61.324,82.88,"150,343"
20-12-2022,61.167,82.6,"150,075"
19-12-2022,60.87,82.649,"147,692"
16-12-2022,60.84,82.706,"148,237"
15-12-2022,60.856,82.843,"147,208"
14-12-2022,61.214,82.474,"149,008"
13-12-2022,61.145,82.375,"149,084"
12-12-2022,60.98,82.634,"147,160"
09-12-2022,60.9,82.41,"148,059"
08-12-2022,60.764,82.28,"147,167"
07-12-2022,60.64,82.204,"146,805"
06-12-2022,60.696,82.48,"145,837"
05-12-2022,60.28,81.89,"144,800"
02-12-2022,60.206,81.41,"146,359"
01-12-2022,59.929,81.12,"146,240"
30-11-2022,59.744,81.359,"143,831"
29-11-2022,59.387,81.616,"142,797"
28-11-2022,59.177,81.64,"142,117"
25-11-2022,59.399,81.685,"143,450"
24-11-2022,59.329,81.613,"143,228"
23-11-2022,59.249,81.604,"142,739"
22-11-2022,59.299,81.714,"142,156"
21-11-2022,59.116,81.699,"141,943"
18-11-2022,59.293,81.617,"142,809"
17-11-2022,59.297,81.51,"143,485"
16-11-2022,59.453,81.48,"144,513"
15-11-2022,59.113,81.061,"144,206"
14-11-2022,58.974,80.965,"143,219"
11-11-2022,58.657,80.477,"142,517"
10-11-2022,58.326,80.63,"141,488"
09-11-2022,57.976,81.335,"138,779"
08-11-2022,58.163,81.37,"139,344"
07-11-2022,58.377,81.804,"137,050"
04-11-2022,58.386,81.962,"137,767"
03-11-2022,58.175,82.731,"134,659"
02-11-2022,58.342,82.712,"135,252"
01-11-2022,58.389,82.65,"136,178"
31-10-2022,58.441,82.77,"135,166"
28-10-2022,58.296,82.261,"135,249"
27-10-2022,58.405,82.368,"136,912"
26-10-2022,58.251,81.901,"136,304"
25-10-2022,58.236,82.515,"136,365"
24-10-2022,58.16,82.744,"136,499"
21-10-2022,58.291,82.529,"136,725"
20-10-2022,58.152,82.82,"134,772"
19-10-2022,58.218,83.013,"135,200"
18-10-2022,57.898,82.291,"135,911"
17-10-2022,57.798,82.171,"135,562"
14-10-2022,57.714,82.34,"135,332"
13-10-2022,57.415,82.172,"136,908"
12-10-2022,57.23,82.159,"137,405"
11-10-2022,57.158,82.256,"136,955"
10-10-2022,57.277,82.37,"137,404"
07-10-2022,57.779,82.82,"140,280"
06-10-2022,57.405,82.06,"140,338"
05-10-2022,57.257,81.631,"140,021"
04-10-2022,57.231,81.451,"140,546"
03-10-2022,56.925,81.494,"138,457"
30-09-2022,56.769,81.509,"135,288"
29-09-2022,56.843,81.461,"135,240"
28-09-2022,56.729,81.406,"135,076"
27-09-2022,56.763,81.705,"133,023"
26-09-2022,56.741,81.61,"132,289"
23-09-2022,56.767,81.25,"133,534"
22-09-2022,57.132,81.047,"135,372"
21-09-2022,56.376,79.907,"133,716"
20-09-2022,56.561,79.751,"132,746"
19-09-2022,56.612,79.693,"133,535"
16-09-2022,56.656,79.686,"133,462"
15-09-2022,56.656,79.839,"132,891"
14-09-2022,56.482,79.431,"134,794"
13-09-2022,56.554,79.577,"135,406"
12-09-2022,56.812,79.35,"136,775"
09-09-2022,56.927,79.635,"136,685"
08-09-2022,56.694,79.667,"136,078"
07-09-2022,56.7,79.63,"136,778"
06-09-2022,56.778,79.87,"135,895"
05-09-2022,56.838,79.783,"136,304"
02-09-2022,56.868,79.717,"136,461"
01-09-2022,56.792,79.673,"135,228"
31-08-2022,56.873,79.491,"135,921"
30-08-2022,56.977,79.665,"137,278"
29-08-2022,57.265,79.954,"138,855"
26-08-2022,57.344,79.961,"138,867"
25-08-2022,57.488,79.862,"140,397"
24-08-2022,57.231,79.78,"139,680"
23-08-2022,57.341,79.847,"139,444"
22-08-2022,57.101,79.85,"138,616"
19-08-2022,57.397,79.92,"139,460"
18-08-2022,57.527,79.75,"140,216"
17-08-2022,57.425,79.35,"139,817"
16-08-2022,57.468,79.248,"140,688"
15-08-2022,57.651,79.518,"141,501"
12-08-2022,58.06,79.641,"143,494"
11-08-2022,58.083,79.58,"142,377"
10-08-2022,57.722,79.09,"141,721"
09-08-2022,57.705,79.563,"142,703"
08-08-2022,57.711,79.584,"142,343"
05-08-2022,57.436,79.36,"140,827"
04-08-2022,57.487,79.16,"141,735"
03-08-2022,57.287,79.108,"139,601"
02-08-2022,56.836,78.587,"138,312"
01-08-2022,57.337,78.959,"139,899"
29-07-2022,57.452,79.336,"140,075"
28-07-2022,57.7,79.626,"139,775"
27-07-2022,57.716,79.845,"138,445"
26-07-2022,57.445,79.843,"137,066"
25-07-2022,57.468,79.691,"137,008"
22-07-2022,57.514,79.83,"137,810"
21-07-2022,57.454,79.85,"137,139"
20-07-2022,57.395,79.98,"135,669"
19-07-2022,57.368,79.85,"136,599"
18-07-2022,57.234,79.99,"136,638"
15-07-2022,56.959,79.76,"136,185"
14-07-2022,56.906,79.89,"136,555"
13-07-2022,56.694,79.65,"138,192"
12-07-2022,56.428,79.45,"137,106"
11-07-2022,56.471,79.41,"137,660"
08-07-2022,56.671,79.26,"138,086"
07-07-2022,56.52,79.175,"137,653"
06-07-2022,56.23,79.047,"137,323"
05-07-2022,56.397,79.298,"139,798"
04-07-2022,56.517,78.939,"142,756"
01-07-2022,56.511,78.956,"142,900"
30-06-2022,56.794,78.965,"142,618"
29-06-2022,56.614,78.945,"143,419"
28-06-2022,56.899,78.995,"143,611"
27-06-2022,56.572,78.44,"142,877"
24-06-2022,56.431,78.255,"142,881"
23-06-2022,56.179,78.145,"142,388"
22-06-2022,56.344,78.18,"143,598"
21-06-2022,56.377,78.133,"143,131"
20-06-2022,56.079,77.927,"143,201"
17-06-2022,56.032,77.952,"143,339"
16-06-2022,56.338,77.977,"144,758"
15-06-2022,56.368,78.171,"143,238"
14-06-2022,55.954,78.022,"140,965"
13-06-2022,55.956,78.104,"142,015"
10-06-2022,56.255,78.144,"146,164"
09-06-2022,56.238,77.815,"143,743"
08-06-2022,56.435,77.709,"143,941"
07-06-2022,56.499,77.664,"143,779"
06-06-2022,56.506,77.814,"143,208"
03-06-2022,56.386,77.615,"143,605"
02-06-2022,56.458,77.399,"144,533"
01-06-2022,56.404,77.56,"143,164"
31-05-2022,56.603,77.598,"142,486"
30-05-2022,56.708,77.554,"143,925"
27-05-2022,56.672,77.624,"143,801"
26-05-2022,56.524,77.636,"143,606"
25-05-2022,56.361,77.531,"143,606"
24-05-2022,56.445,77.475,"144,537"
23-05-2022,56.458,77.545,"143,636"
20-05-2022,56.376,77.865,"143,722"
19-05-2022,56.03,77.415,"142,539"
18-05-2022,55.891,77.81,"141,285"
17-05-2022,55.915,77.476,"140,506"
16-05-2022,55.906,77.833,"141,894"
13-05-2022,55.614,77.48,"140,274"
12-05-2022,55.391,77.435,"141,016"
11-05-2022,55.691,77.425,"143,361"
10-05-2022,55.497,77.225,"141,888"
09-05-2022,55.619,77.365,"143,361"
06-05-2022,55.528,76.979,"144,900"
05-05-2022,55.257,76.514,"143,514"
04-05-2022,55.496,76.282,"143,423"
03-05-2022,55.238,76.47,"142,773"
02-05-2022,55.181,76.485,"142,429"
29-04-2022,55.289,76.535,"145,115"
28-04-2022,55.266,76.67,"145,193"
27-04-2022,55.435,76.632,"144,451"
26-04-2022,55.583,76.68,"146,037"
25-04-2022,55.813,76.748,"145,552"
22-04-2022,55.757,76.475,"147,644"
21-04-2022,55.874,76.262,"148,737"
20-04-2022,55.903,76.269,"149,210"
19-04-2022,55.866,76.445,"149,027"
18-04-2022,55.992,76.284,"150,888"
15-04-2022,56.243,76.332,"150,668"
14-04-2022,56.222,76.292,"150,463"
13-04-2022,55.85,76.122,"150,483"
12-04-2022,55.755,76.082,"149,532"
11-04-2022,55.53,75.836,"148,038"
08-04-2022,55.669,75.96,"147,839"
07-04-2022,55.741,75.913,"146,566"
06-04-2022,55.818,75.947,"146,163"
05-04-2022,55.489,75.465,"145,069"
04-04-2022,55.593,75.451,"145,749"
01-04-2022,55.998,75.995,"146,200"
31-03-2022,56.003,75.928,"146,952"
30-03-2022,56.041,75.823,"146,462"
29-03-2022,55.753,75.666,"145,145"
28-03-2022,55.884,76.09,"146,217"
25-03-2022,56.154,76.285,"149,340"
24-03-2022,56.202,76.305,"149,349"
23-03-2022,56.348,76.53,"148,725"
22-03-2022,56.102,76.159,"146,262"
21-03-2022,56.175,76.285,"147,639"
18-03-2022,56.096,76.065,"146,076"
17-03-2022,56.069,75.937,"147,443"
16-03-2022,56.063,76.2,"146,741"
15-03-2022,55.929,76.42,"146,500"
14-03-2022,55.898,76.45,"149,015"
11-03-2022,56.04,76.511,"151,841"
10-03-2022,56.12,76.31,"152,274"
09-03-2022,56.214,76.382,"152,022"
08-03-2022,56.288,76.905,"157,597"
07-03-2022,56.489,76.975,"153,719"
04-03-2022,56.155,76.425,"150,410"
03-03-2022,55.976,75.971,"146,995"
02-03-2022,55.83,75.638,"145,777"
01-03-2022,55.786,75.782,"147,322"
28-02-2022,55.71,75.52,"144,063"
25-02-2022,55.428,75.075,"141,680"
24-02-2022,55.769,75.615,"143,874"
23-02-2022,55.413,74.64,"142,431"
22-02-2022,55.455,74.63,"141,621"
21-02-2022,55.337,74.524,"141,989"
18-02-2022,55.463,74.687,"141,714"
17-02-2022,55.895,75.105,"142,537"
16-02-2022,55.812,75.05,"140,231"
15-02-2022,55.873,75.177,"139,266"
14-02-2022,56.164,75.686,"141,556"
11-02-2022,55.879,75.348,"140,090"
10-02-2022,55.821,75.102,"137,092"
09-02-2022,55.721,74.808,"137,045"
08-02-2022,55.519,74.719,"136,346"
07-02-2022,55.515,74.655,"135,831"
04-02-2022,55.445,74.645,"134,911"
03-02-2022,55.531,74.644,"134,670"
02-02-2022,55.511,74.823,"135,111"
01-02-2022,55.396,74.751,"134,555"
31-01-2022,55.145,74.556,"133,911"
28-01-2022,55.368,75.046,"134,389"
27-01-2022,55.567,75.209,"135,097"
26-01-2022,55.545,74.903,"136,199"
25-01-2022,55.604,74.787,"138,145"
24-01-2022,55.431,74.642,"137,494"
21-01-2022,55.295,74.409,"136,361"
20-01-2022,55.247,74.468,"136,905"
19-01-2022,55.193,74.455,"136,917"
18-01-2022,55.164,74.565,"135,199"
17-01-2022,55.044,74.255,"135,038"
14-01-2022,55.02,74.156,"134,749"
13-01-2022,54.932,73.972,"134,759"
12-01-2022,54.815,73.797,"134,708"
11-01-2022,54.635,73.817,"134,387"
10-01-2022,54.555,74.025,"133,322"
07-01-2022,54.772,74.278,"133,363"
06-01-2022,54.651,74.385,"133,155"
05-01-2022,54.702,74.285,"134,416"
04-01-2022,54.938,74.53,"135,129"
03-01-2022,54.924,74.4,"133,908"
31-12-2021,55.181,74.486,"136,155"
30-12-2021,55.005,74.415,"135,007"
29-12-2021,55.123,74.57,"134,498"
28-12-2021,55.15,74.715,"134,901"
27-12-2021,55.227,74.98,"135,797"
24-12-2021,55.133,75.004,"135,563"
23-12-2021,55.21,75.035,"135,658"
22-12-2021,55.377,75.46,"136,010"
21-12-2021,55.475,75.705,"135,333"
20-12-2021,55.391,75.73,"135,546"
17-12-2021,55.565,76.013,"136,598"
16-12-2021,55.853,76.184,"137,004"
15-12-2021,55.91,76.355,"135,572"
14-12-2021,55.491,76.045,"134,582"
13-12-2021,55.388,75.77,"135,333"
10-12-2021,55.485,75.718,"134,922"
09-12-2021,55.376,75.599,"134,121"
08-12-2021,55.366,75.384,"134,332"
07-12-2021,55.175,75.409,"134,484"
06-12-2021,55.061,75.395,"134,059"
03-12-2021,54.816,75.241,"134,180"
02-12-2021,54.74,74.989,"132,577"
01-12-2021,54.916,75.021,"133,617"
30-11-2021,55.023,75.1,"133,193"
29-11-2021,54.797,75.05,"133,863"
26-11-2021,54.71,75.065,"134,457"
25-11-2021,54.433,74.502,"133,194"
24-11-2021,54.524,74.622,"133,415"
23-11-2021,54.496,74.447,"133,125"
22-11-2021,54.562,74.445,"134,282"
19-11-2021,54.588,74.35,"137,149"
18-11-2021,54.674,74.165,"137,826"
17-11-2021,54.748,74.255,"138,602"
16-11-2021,54.857,74.457,"137,743"
15-11-2021,54.954,74.404,"138,500"
12-11-2021,54.946,74.347,"138,577"
11-11-2021,54.847,74.312,"138,315"
10-11-2021,54.975,74.415,"137,539"
09-11-2021,55.055,74.175,"135,827"
08-11-2021,54.829,73.921,"134,764"
05-11-2021,54.915,74.191,"134,826"
04-11-2021,55.148,74.548,"133,483"
03-11-2021,55.224,74.452,"131,689"
02-11-2021,55.355,74.695,"133,493"
01-11-2021,55.485,74.837,"134,174"
29-10-2021,55.522,74.935,"133,560"
28-10-2021,55.609,74.788,"134,474"
27-10-2021,55.665,75.069,"134,849"
26-10-2021,55.567,74.942,"134,323"
25-10-2021,55.684,75.022,"135,570"
22-10-2021,55.625,74.999,"134,426"
21-10-2021,55.537,74.889,"133,439"
20-10-2021,55.66,74.81,"133,246"
19-10-2021,55.829,75.12,"132,842"
18-10-2021,55.709,75.21,"132,650"
15-10-2021,55.631,75.03,"132,567"
14-10-2021,55.599,74.995,"134,599"
13-10-2021,55.681,75.306,"134,966"
12-10-2021,55.597,75.488,"132,778"
11-10-2021,55.617,75.403,"132,176"
08-10-2021,55.409,75.131,"131,911"
07-10-2021,55.061,74.825,"131,280"
06-10-2021,55.01,74.778,"131,745"
05-10-2021,54.918,74.565,"131,154"
04-10-2021,54.951,74.588,"131,891"
01-10-2021,54.636,74.15,"130,497"
30-09-2021,54.625,74.17,"130,253"
29-09-2021,54.567,74.298,"128,214"
28-09-2021,54.624,74.2,"128,607"
27-09-2021,54.528,73.825,"129,165"
24-09-2021,54.523,73.821,"129,157"
23-09-2021,54.691,73.81,"128,596"
22-09-2021,54.501,73.825,"130,448"
21-09-2021,54.521,73.745,"130,799"
20-09-2021,54.448,73.653,"129,903"
17-09-2021,54.576,73.645,"129,142"
16-09-2021,54.666,73.575,"128,931"
15-09-2021,54.757,73.445,"131,670"
14-09-2021,54.788,73.647,"132,866"
13-09-2021,54.806,73.565,"131,907"
10-09-2021,54.79,73.524,"131,399"
09-09-2021,54.702,73.546,"131,894"
08-09-2021,54.81,73.796,"131,928"
07-09-2021,54.57,73.442,"131,748"
06-09-2021,54.422,73.078,"133,212"
03-09-2021,54.383,72.997,"133,349"
02-09-2021,54.371,73.006,"132,029"
01-09-2021,54.276,72.995,"132,381"
31-08-2021,54.228,72.951,"132,225"
30-08-2021,54.46,73.299,"132,621"
27-08-2021,54.56,73.475,"133,480"
26-08-2021,54.727,74.155,"132,874"
25-08-2021,54.771,74.12,"132,656"
24-08-2021,54.723,74.136,"133,631"
23-08-2021,54.637,74.135,"133,786"
20-08-2021,54.563,74.352,"132,389"
19-08-2021,54.492,74.38,"132,349"
18-08-2021,54.582,74.29,"132,768"
17-08-2021,54.579,74.375,"132,772"
16-08-2021,54.686,74.17,"132,515"
13-08-2021,54.805,74.242,"132,056"
12-08-2021,54.72,74.315,"130,198"
11-08-2021,54.759,74.263,"130,036"
10-08-2021,54.74,74.435,"128,659"
09-08-2021,54.853,74.488,"128,783"
06-08-2021,54.802,74.242,"130,909"
05-08-2021,54.826,74.1,"133,642"
04-08-2021,54.872,74.175,"134,320"
03-08-2021,54.93,74.251,"134,393"
02-08-2021,54.926,74.356,"134,818"
30-07-2021,54.865,74.344,"134,817"
29-07-2021,54.878,74.248,"135,689"
28-07-2021,54.901,74.5,"134,580"
27-07-2021,54.742,74.504,"133,994"
26-07-2021,54.707,74.34,"133,555"
23-07-2021,54.704,74.427,"134,054"
22-07-2021,54.739,74.455,"134,478"
21-07-2021,54.613,74.495,"134,264"
20-07-2021,54.581,74.535,"134,876"
19-07-2021,54.892,74.858,"135,652"
16-07-2021,54.962,74.61,"135,126"
15-07-2021,55.011,74.55,"136,311"
14-07-2021,54.997,74.47,"136,030"
13-07-2021,55.028,74.6,"134,811"
12-07-2021,55.122,74.545,"134,563"
09-07-2021,55.105,74.487,"134,638"
08-07-2021,55.241,74.74,"134,683"
07-07-2021,55.425,74.8,"134,853"
06-07-2021,55.353,74.591,"133,984"
05-07-2021,55.208,74.317,"133,096"
02-07-2021,55.301,74.518,"133,122"
01-07-2021,55.271,74.565,"132,418"
30-06-2021,55.262,74.365,"131,594"
29-06-2021,55.21,74.3,"130,802"
28-06-2021,55.289,74.275,"132,044"
25-06-2021,55.273,74.22,"132,145"
24-06-2021,55.222,74.19,"131,661"
23-06-2021,55.061,74.15,"131,837"
22-06-2021,55.252,74.34,"132,186"
21-06-2021,55.222,74.14,"132,153"
18-06-2021,55.027,74.12,"130,667"
17-06-2021,55.225,74.186,"131,440"
16-06-2021,54.822,73.275,"132,711"
15-06-2021,55.258,73.36,"136,316"
14-06-2021,55.159,73.185,"136,547"
11-06-2021,55.23,73.245,"137,478"
10-06-2021,55.193,73.08,"138,689"
09-06-2021,55.104,72.985,"137,798"
08-06-2021,55.102,72.955,"138,064"
07-06-2021,54.991,72.811,"138,192"
04-06-2021,55.001,72.87,"137,780"
03-06-2021,55.0,73.045,"136,589"
02-06-2021,55.152,72.96,"139,186"
01-06-2021,55.076,72.865,"138,426"
31-05-2021,54.862,72.518,"138,344"
28-05-2021,54.72,72.41,"137,790"
27-05-2021,54.897,72.71,"137,860"
26-05-2021,54.875,72.725,"137,909"
25-05-2021,54.886,72.795,"138,191"
24-05-2021,54.829,72.835,"136,854"
21-05-2021,54.655,72.827,"136,959"
20-05-2021,54.837,73.015,"137,046"
19-05-2021,54.855,73.22,"136,821"
18-05-2021,54.929,73.055,"136,544"
17-05-2021,54.904,73.335,"136,855"
14-05-2021,54.989,73.3,"135,063"
13-05-2021,55.087,73.48,"134,148"
12-05-2021,55.12,73.538,"133,464"
11-05-2021,55.34,73.375,"134,780"
10-05-2021,55.392,73.46,"134,809"
07-05-2021,55.276,73.254,"134,092"
06-05-2021,55.193,73.605,"133,554"
05-05-2021,55.256,73.81,"131,833"
04-05-2021,55.185,73.77,"131,181"
03-05-2021,55.505,73.82,"132,309"
30-04-2021,55.652,74.055,"130,964"
29-04-2021,55.841,74.1,"131,241"
28-04-2021,56.197,74.493,"132,685"
27-04-2021,56.223,74.59,"132,446"
26-04-2021,56.374,74.757,"133,095"
23-04-2021,56.458,74.93,"133,132"
22-04-2021,56.491,75.12,"133,923"
21-04-2021,56.737,75.439,"135,237"
20-04-2021,56.707,75.395,"134,055"
19-04-2021,56.223,74.86,"132,564"
16-04-2021,55.84,74.54,"132,365"
15-04-2021,55.978,74.73,"131,731"
14-04-2021,56.163,75.06,"130,291"
13-04-2021,56.097,75.27,"131,315"
12-04-2021,55.901,74.99,"129,900"
09-04-2021,55.696,74.734,"130,247"
08-04-2021,55.609,74.577,"130,888"
07-04-2021,55.416,74.368,"129,164"
06-04-2021,54.873,73.49,"128,093"
05-04-2021,54.615,73.319,"126,607"
02-04-2021,54.502,73.385,"126,845"
01-04-2021,54.523,73.332,"126,775"
31-03-2021,54.373,73.148,"124,864"
30-03-2021,54.469,73.445,"123,709"
29-03-2021,53.955,72.755,"124,493"
26-03-2021,53.957,72.615,"125,753"
25-03-2021,53.846,72.665,"125,474"
24-03-2021,53.91,72.595,"125,885"
23-03-2021,53.945,72.555,"125,264"
22-03-2021,53.975,72.38,"125,812"
19-03-2021,53.95,72.413,"126,310"
18-03-2021,54.093,72.7,"126,204"
17-03-2021,54.131,72.57,"126,582"
16-03-2021,53.899,72.515,"125,519"
15-03-2021,53.878,72.535,"125,582"
12-03-2021,54.033,72.69,"125,475"
11-03-2021,54.258,72.7,"125,187"
10-03-2021,54.091,72.73,"125,547"
09-03-2021,54.133,72.776,"124,840"
08-03-2021,54.313,73.36,"123,431"
05-03-2021,54.518,73.19,"124,469"
04-03-2021,54.38,72.739,"123,388"
03-03-2021,54.719,72.94,"124,757"
02-03-2021,55.05,73.26,"127,295"
01-03-2021,55.272,73.405,"126,572"
26-02-2021,55.495,73.937,"128,140"
25-02-2021,54.866,72.745,"128,734"
24-02-2021,54.842,72.39,"130,620"
23-02-2021,54.813,72.382,"130,645"
22-02-2021,54.8,72.45,"131,072"
19-02-2021,54.767,72.56,"129,307"
18-02-2021,54.715,72.585,"128,836"
17-02-2021,54.793,72.835,"129,275"
16-02-2021,54.873,72.87,"130,717"
15-02-2021,54.881,72.624,"132,057"
12-02-2021,54.748,72.595,"132,347"
11-02-2021,54.856,72.71,"132,686"
10-02-2021,54.857,72.795,"134,150"
09-02-2021,54.93,72.856,"133,858"
08-02-2021,54.699,72.935,"133,481"
05-02-2021,54.547,72.815,"131,904"
04-02-2021,54.55,72.955,"130,821"
03-02-2021,54.609,72.815,"133,475"
02-02-2021,54.692,72.917,"133,922"
01-02-2021,54.834,73.12,"135,992"
29-01-2021,54.824,72.906,"134,538"
28-01-2021,54.86,72.944,"134,367"
27-01-2021,54.965,73.07,"134,693"
26-01-2021,55.022,72.915,"134,913"
25-01-2021,54.956,72.97,"135,374"
22-01-2021,54.922,72.985,"135,199"
21-01-2021,55.168,72.97,"136,369"
20-01-2021,55.026,72.915,"136,448"
19-01-2021,55.047,73.192,"134,647"
18-01-2021,54.965,73.188,"134,425"
15-01-2021,54.969,73.13,"133,560"
14-01-2021,55.143,73.08,"134,873"
13-01-2021,55.132,73.17,"134,961"
12-01-2021,55.319,73.225,"135,771"
11-01-2021,55.184,73.474,"135,357"
08-01-2021,55.31,73.34,"135,537"
07-01-2021,55.407,73.43,"140,439"
06-01-2021,55.468,73.136,"140,218"
05-01-2021,55.482,73.13,"142,544"
04-01-2021,55.318,73.08,"141,920"
01-01-2021,55.298,73.125,"138,789"
